Metric,Value
design__lint_error__count,0
design__lint_timing_construct__count,0
design__lint_warning__count,0
design__inferred_latch__count,0
design__instance__count,376
design__instance__area,3325.69
design__instance_unmapped__count,0
synthesis__check_error__count,0
design__max_slew_violation__count__corner:nom_tt_025C_1v80,0
design__max_fanout_violation__count__corner:nom_tt_025C_1v80,0
design__max_cap_violation__count__corner:nom_tt_025C_1v80,0
power__internal__total,0.0008675220306031406
power__switching__total,0.00032912101596593857
power__leakage__total,3.5367357931193055E-9
power__total,0.0011966465972363949
clock__skew__worst_hold__corner:nom_tt_025C_1v80,-0.009178491559917795
clock__skew__worst_setup__corner:nom_tt_025C_1v80,-0.009178491559917795
timing__hold__ws__corner:nom_tt_025C_1v80,0.4668578988873234
timing__setup__ws__corner:nom_tt_025C_1v80,9.158676742903094
timing__hold__tns__corner:nom_tt_025C_1v80,0.0
timing__setup__tns__corner:nom_tt_025C_1v80,0.0
timing__hold__wns__corner:nom_tt_025C_1v80,0
timing__setup__wns__corner:nom_tt_025C_1v80,0.0
timing__hold_vio__count__corner:nom_tt_025C_1v80,0
timing__hold_r2r__ws__corner:nom_tt_025C_1v80,0.466858
timing__hold_r2r_vio__count__corner:nom_tt_025C_1v80,0
timing__setup_vio__count__corner:nom_tt_025C_1v80,0
timing__setup_r2r__ws__corner:nom_tt_025C_1v80,9.158677
timing__setup_r2r_vio__count__corner:nom_tt_025C_1v80,0
design__max_slew_violation__count__corner:nom_ss_100C_1v60,0
design__max_fanout_violation__count__corner:nom_ss_100C_1v60,0
design__max_cap_violation__count__corner:nom_ss_100C_1v60,0
clock__skew__worst_hold__corner:nom_ss_100C_1v60,-0.014429680081454845
clock__skew__worst_setup__corner:nom_ss_100C_1v60,-0.014429680081454845
timing__hold__ws__corner:nom_ss_100C_1v60,0.9518968105401024
timing__setup__ws__corner:nom_ss_100C_1v60,8.28534508896717
timing__hold__tns__corner:nom_ss_100C_1v60,0.0
timing__setup__tns__corner:nom_ss_100C_1v60,0.0
timing__hold__wns__corner:nom_ss_100C_1v60,0
timing__setup__wns__corner:nom_ss_100C_1v60,0.0
timing__hold_vio__count__corner:nom_ss_100C_1v60,0
timing__hold_r2r__ws__corner:nom_ss_100C_1v60,0.951897
timing__hold_r2r_vio__count__corner:nom_ss_100C_1v60,0
timing__setup_vio__count__corner:nom_ss_100C_1v60,0
timing__setup_r2r__ws__corner:nom_ss_100C_1v60,8.285345
timing__setup_r2r_vio__count__corner:nom_ss_100C_1v60,0
design__max_slew_violation__count__corner:nom_ff_n40C_1v95,0
design__max_fanout_violation__count__corner:nom_ff_n40C_1v95,0
design__max_cap_violation__count__corner:nom_ff_n40C_1v95,0
clock__skew__worst_hold__corner:nom_ff_n40C_1v95,-0.007462128348668659
clock__skew__worst_setup__corner:nom_ff_n40C_1v95,-0.007462128348668659
timing__hold__ws__corner:nom_ff_n40C_1v95,0.2971988017584601
timing__setup__ws__corner:nom_ff_n40C_1v95,9.490731136283323
timing__hold__tns__corner:nom_ff_n40C_1v95,0.0
timing__setup__tns__corner:nom_ff_n40C_1v95,0.0
timing__hold__wns__corner:nom_ff_n40C_1v95,0
timing__setup__wns__corner:nom_ff_n40C_1v95,0.0
timing__hold_vio__count__corner:nom_ff_n40C_1v95,0
timing__hold_r2r__ws__corner:nom_ff_n40C_1v95,0.297199
timing__hold_r2r_vio__count__corner:nom_ff_n40C_1v95,0
timing__setup_vio__count__corner:nom_ff_n40C_1v95,0
timing__setup_r2r__ws__corner:nom_ff_n40C_1v95,9.490731
timing__setup_r2r_vio__count__corner:nom_ff_n40C_1v95,0
design__max_slew_violation__count,0
design__max_fanout_violation__count,0
design__max_cap_violation__count,0
clock__skew__worst_hold,0.00954621131386128
clock__skew__worst_setup,-0.01655681194564481
timing__hold__ws,0.2961438400550493
timing__setup__ws,8.277733399695066
timing__hold__tns,0.0
timing__setup__tns,0.0
timing__hold__wns,0
timing__setup__wns,0.0
timing__hold_vio__count,0
timing__hold_r2r__ws,0.296144
timing__hold_r2r_vio__count,0
timing__setup_vio__count,0
timing__setup_r2r__ws,8.277734
timing__setup_r2r_vio__count,0
design__die__bbox,0.0 0.0 97.025 107.745
design__core__bbox,5.52 10.88 91.08 95.2
design__io,38
design__die__area,10454
design__core__area,7214.42
design__instance__count__stdcell,376
design__instance__area__stdcell,3325.69
design__instance__count__macros,0
design__instance__area__macros,0
design__instance__utilization,0.460978
design__instance__utilization__stdcell,0.460978
design__instance__count__class:sequential_cell,64
design__instance__count__class:multi_input_combinational_cell,162
flow__warnings__count,1
flow__errors__count,0
design__instance__count__class:fill_cell,541
design__instance__count__class:tap_cell,99
design__power_grid_violation__count__net:vccd1,0
design__power_grid_violation__count__net:vssd1,0
design__power_grid_violation__count,0
timing__drv__floating__nets,0
timing__drv__floating__pins,0
design__instance__displacement__total,0
design__instance__displacement__mean,0
design__instance__displacement__max,0
route__wirelength__estimated,4728.24
design__violations,0
design__instance__count__class:timing_repair_buffer,35
design__instance__count__class:clock_buffer,13
design__instance__count__class:clock_inverter,3
design__instance__count__setup_buffer,0
design__instance__count__hold_buffer,0
antenna__violating__nets,0
antenna__violating__pins,0
route__antenna_violation__count,0
antenna_diodes_count,0
route__net,305
route__net__special,2
route__drc_errors__iter:1,52
route__wirelength__iter:1,5401
route__drc_errors__iter:2,17
route__wirelength__iter:2,5403
route__drc_errors__iter:3,10
route__wirelength__iter:3,5387
route__drc_errors__iter:4,0
route__wirelength__iter:4,5379
route__drc_errors,0
route__wirelength,5379
route__vias,1733
route__vias__singlecut,1733
route__vias__multicut,0
design__disconnected_pin__count,0
design__critical_disconnected_pin__count,0
route__wirelength__max,609.87
timing__unannotated_net__count__corner:nom_tt_025C_1v80,9
timing__unannotated_net_filtered__count__corner:nom_tt_025C_1v80,0
timing__unannotated_net__count__corner:nom_ss_100C_1v60,9
timing__unannotated_net_filtered__count__corner:nom_ss_100C_1v60,0
timing__unannotated_net__count__corner:nom_ff_n40C_1v95,9
timing__unannotated_net_filtered__count__corner:nom_ff_n40C_1v95,0
design__max_slew_violation__count__corner:min_tt_025C_1v80,0
design__max_fanout_violation__count__corner:min_tt_025C_1v80,0
design__max_cap_violation__count__corner:min_tt_025C_1v80,0
clock__skew__worst_hold__corner:min_tt_025C_1v80,-0.008217454727046665
clock__skew__worst_setup__corner:min_tt_025C_1v80,-0.008217454727046665
timing__hold__ws__corner:min_tt_025C_1v80,0.4653865480267506
timing__setup__ws__corner:min_tt_025C_1v80,9.16250923289249
timing__hold__tns__corner:min_tt_025C_1v80,0.0
timing__setup__tns__corner:min_tt_025C_1v80,0.0
timing__hold__wns__corner:min_tt_025C_1v80,0
timing__setup__wns__corner:min_tt_025C_1v80,0.0
timing__hold_vio__count__corner:min_tt_025C_1v80,0
timing__hold_r2r__ws__corner:min_tt_025C_1v80,0.465387
timing__hold_r2r_vio__count__corner:min_tt_025C_1v80,0
timing__setup_vio__count__corner:min_tt_025C_1v80,0
timing__setup_r2r__ws__corner:min_tt_025C_1v80,9.162509
timing__setup_r2r_vio__count__corner:min_tt_025C_1v80,0
timing__unannotated_net__count__corner:min_tt_025C_1v80,9
timing__unannotated_net_filtered__count__corner:min_tt_025C_1v80,0
design__max_slew_violation__count__corner:min_ss_100C_1v60,0
design__max_fanout_violation__count__corner:min_ss_100C_1v60,0
design__max_cap_violation__count__corner:min_ss_100C_1v60,0
clock__skew__worst_hold__corner:min_ss_100C_1v60,-0.012861378992514765
clock__skew__worst_setup__corner:min_ss_100C_1v60,-0.012861378992514765
timing__hold__ws__corner:min_ss_100C_1v60,0.9509866496787737
timing__setup__ws__corner:min_ss_100C_1v60,8.291811028045455
timing__hold__tns__corner:min_ss_100C_1v60,0.0
timing__setup__tns__corner:min_ss_100C_1v60,0.0
timing__hold__wns__corner:min_ss_100C_1v60,0
timing__setup__wns__corner:min_ss_100C_1v60,0.0
timing__hold_vio__count__corner:min_ss_100C_1v60,0
timing__hold_r2r__ws__corner:min_ss_100C_1v60,0.950987
timing__hold_r2r_vio__count__corner:min_ss_100C_1v60,0
timing__setup_vio__count__corner:min_ss_100C_1v60,0
timing__setup_r2r__ws__corner:min_ss_100C_1v60,8.291811
timing__setup_r2r_vio__count__corner:min_ss_100C_1v60,0
timing__unannotated_net__count__corner:min_ss_100C_1v60,9
timing__unannotated_net_filtered__count__corner:min_ss_100C_1v60,0
design__max_slew_violation__count__corner:min_ff_n40C_1v95,0
design__max_fanout_violation__count__corner:min_ff_n40C_1v95,0
design__max_cap_violation__count__corner:min_ff_n40C_1v95,0
clock__skew__worst_hold__corner:min_ff_n40C_1v95,-0.006644199267719077
clock__skew__worst_setup__corner:min_ff_n40C_1v95,-0.006644199267719077
timing__hold__ws__corner:min_ff_n40C_1v95,0.2961438400550493
timing__setup__ws__corner:min_ff_n40C_1v95,9.493271326635506
timing__hold__tns__corner:min_ff_n40C_1v95,0.0
timing__setup__tns__corner:min_ff_n40C_1v95,0.0
timing__hold__wns__corner:min_ff_n40C_1v95,0
timing__setup__wns__corner:min_ff_n40C_1v95,0.0
timing__hold_vio__count__corner:min_ff_n40C_1v95,0
timing__hold_r2r__ws__corner:min_ff_n40C_1v95,0.296144
timing__hold_r2r_vio__count__corner:min_ff_n40C_1v95,0
timing__setup_vio__count__corner:min_ff_n40C_1v95,0
timing__setup_r2r__ws__corner:min_ff_n40C_1v95,9.493271
timing__setup_r2r_vio__count__corner:min_ff_n40C_1v95,0
timing__unannotated_net__count__corner:min_ff_n40C_1v95,9
timing__unannotated_net_filtered__count__corner:min_ff_n40C_1v95,0
design__max_slew_violation__count__corner:max_tt_025C_1v80,0
design__max_fanout_violation__count__corner:max_tt_025C_1v80,0
design__max_cap_violation__count__corner:max_tt_025C_1v80,0
clock__skew__worst_hold__corner:max_tt_025C_1v80,-0.010802692379728704
clock__skew__worst_setup__corner:max_tt_025C_1v80,-0.010802692379728704
timing__hold__ws__corner:max_tt_025C_1v80,0.46854410566481325
timing__setup__ws__corner:max_tt_025C_1v80,9.15404489231336
timing__hold__tns__corner:max_tt_025C_1v80,0.0
timing__setup__tns__corner:max_tt_025C_1v80,0.0
timing__hold__wns__corner:max_tt_025C_1v80,0
timing__setup__wns__corner:max_tt_025C_1v80,0.0
timing__hold_vio__count__corner:max_tt_025C_1v80,0
timing__hold_r2r__ws__corner:max_tt_025C_1v80,0.468544
timing__hold_r2r_vio__count__corner:max_tt_025C_1v80,0
timing__setup_vio__count__corner:max_tt_025C_1v80,0
timing__setup_r2r__ws__corner:max_tt_025C_1v80,9.154045
timing__setup_r2r_vio__count__corner:max_tt_025C_1v80,0
timing__unannotated_net__count__corner:max_tt_025C_1v80,9
timing__unannotated_net_filtered__count__corner:max_tt_025C_1v80,0
design__max_slew_violation__count__corner:max_ss_100C_1v60,0
design__max_fanout_violation__count__corner:max_ss_100C_1v60,0
design__max_cap_violation__count__corner:max_ss_100C_1v60,0
clock__skew__worst_hold__corner:max_ss_100C_1v60,-0.01655681194564481
clock__skew__worst_setup__corner:max_ss_100C_1v60,-0.01655681194564481
timing__hold__ws__corner:max_ss_100C_1v60,0.9550203120859215
timing__setup__ws__corner:max_ss_100C_1v60,8.277733399695066
timing__hold__tns__corner:max_ss_100C_1v60,0.0
timing__setup__tns__corner:max_ss_100C_1v60,0.0
timing__hold__wns__corner:max_ss_100C_1v60,0
timing__setup__wns__corner:max_ss_100C_1v60,0.0
timing__hold_vio__count__corner:max_ss_100C_1v60,0
timing__hold_r2r__ws__corner:max_ss_100C_1v60,0.955020
timing__hold_r2r_vio__count__corner:max_ss_100C_1v60,0
timing__setup_vio__count__corner:max_ss_100C_1v60,0
timing__setup_r2r__ws__corner:max_ss_100C_1v60,8.277734
timing__setup_r2r_vio__count__corner:max_ss_100C_1v60,0
timing__unannotated_net__count__corner:max_ss_100C_1v60,9
timing__unannotated_net_filtered__count__corner:max_ss_100C_1v60,0
design__max_slew_violation__count__corner:max_ff_n40C_1v95,0
design__max_fanout_violation__count__corner:max_ff_n40C_1v95,0
design__max_cap_violation__count__corner:max_ff_n40C_1v95,0
clock__skew__worst_hold__corner:max_ff_n40C_1v95,0.00954621131386128
clock__skew__worst_setup__corner:max_ff_n40C_1v95,0.00954621131386128
timing__hold__ws__corner:max_ff_n40C_1v95,0.2984314546619876
timing__setup__ws__corner:max_ff_n40C_1v95,9.487556786521537
timing__hold__tns__corner:max_ff_n40C_1v95,0.0
timing__setup__tns__corner:max_ff_n40C_1v95,0.0
timing__hold__wns__corner:max_ff_n40C_1v95,0
timing__setup__wns__corner:max_ff_n40C_1v95,0.0
timing__hold_vio__count__corner:max_ff_n40C_1v95,0
timing__hold_r2r__ws__corner:max_ff_n40C_1v95,0.298431
timing__hold_r2r_vio__count__corner:max_ff_n40C_1v95,0
timing__setup_vio__count__corner:max_ff_n40C_1v95,0
timing__setup_r2r__ws__corner:max_ff_n40C_1v95,9.487556
timing__setup_r2r_vio__count__corner:max_ff_n40C_1v95,0
timing__unannotated_net__count__corner:max_ff_n40C_1v95,9
timing__unannotated_net_filtered__count__corner:max_ff_n40C_1v95,0
timing__unannotated_net__count,9
timing__unannotated_net_filtered__count,0
design_powergrid__voltage__worst__net:vccd1__corner:nom_tt_025C_1v80,1.7992
design_powergrid__drop__average__net:vccd1__corner:nom_tt_025C_1v80,1.79979
design_powergrid__drop__worst__net:vccd1__corner:nom_tt_025C_1v80,0.000804763
design_powergrid__voltage__worst__net:vssd1__corner:nom_tt_025C_1v80,0.000752261
design_powergrid__drop__average__net:vssd1__corner:nom_tt_025C_1v80,0.000193251
design_powergrid__drop__worst__net:vssd1__corner:nom_tt_025C_1v80,0.000752261
design_powergrid__voltage__worst,0.000752261
design_powergrid__voltage__worst__net:vccd1,1.7992
design_powergrid__drop__worst,0.000804763
design_powergrid__drop__worst__net:vccd1,0.000804763
design_powergrid__voltage__worst__net:vssd1,0.000752261
design_powergrid__drop__worst__net:vssd1,0.000752261
ir__voltage__worst,1.8000000000000000444089209850062616169452667236328125
ir__drop__avg,0.00021300000000000000031398494915180208408855833113193511962890625
ir__drop__worst,0.000805000000000000051451898297472098420257680118083953857421875
design__xor_difference__count,0
magic__drc_error__count,0
klayout__drc_error__count,0
magic__illegal_overlap__count,0
design__lvs_device_difference__count,0
design__lvs_net_difference__count,0
design__lvs_property_fail__count,0
design__lvs_error__count,0
design__lvs_unmatched_device__count,0
design__lvs_unmatched_net__count,0
design__lvs_unmatched_pin__count,0
