net,length_um
net33,609.87µm
net34,524.965µm
clknet_0_clk,145.74µm
clknet_3_0__leaf_clk,100.07µm
clknet_3_2__leaf_clk,90.72µm
net18,84.96µm
net4,77.16µm
net17,73.88µm
net1,72.8µm
clknet_3_5__leaf_clk,72.38µm
clknet_3_7__leaf_clk,71.77µm
net5,71.24µm
clknet_3_6__leaf_clk,65.26µm
net19,65.14µm
net6,64.78µm
net12,63.5µm
net16,63.3µm
clknet_3_3__leaf_clk,62.42µm
net3,57.74µm
clknet_3_1__leaf_clk,54.04µm
net7,51.94µm
net20,51.44µm
net21,47.96µm
net23,47.44µm
net8,44.96µm
clk,42.71µm
net26,42.34µm
net2,41.94µm
net15,41.86µm
dsa\[6\].y_out,35.88µm
clknet_3_4__leaf_clk,33.34µm
net32,32.04µm
net14,31.46µm
net27,30.88µm
net31,26.44µm
dsa\[14\].y_out,25.3µm
dsa\[11\].y_out,25µm
net22,23.72µm
dsa\[10\].y_out,22.64µm
dsa\[18\].y_out,20.18µm
dsa\[7\].y_out,20.035µm
net13,19.66µm
dsa\[24\].y_out,19.46µm
dsa\[5\].y_out,19.14µm
net9,18.39µm
dsa\[12\].y_out,17.9µm
dsa\[1\].y_out,17.14µm
dsa\[26\].y_out,16.64µm
dsa\[8\].y_out,16.42µm
dsa\[20\].y_out,16.14µm
dsa\[8\]._1_,15.48µm
dsa\[31\].y_out_next,15.34µm
dsa\[19\].y_out,15.22µm
dsa\[11\]._1_,15.18µm
a[31],14.86µm
dsa\[29\].y_out,14.6µm
net35,14.6µm
dsa\[10\].y_in,14.54µm
dsa\[27\].y_out,14.14µm
dsa\[21\].y_out_next,13.94µm
dsa\[17\].last_carry,13.48µm
dsa\[8\]._0_,13.42µm
a[24],13.4µm
net29,13.34µm
dsa\[15\].last_carry_next,13.2µm
a[23],12.94µm
dsa\[27\]._0_,12.66µm
dsa\[3\].y_out_next,12.6µm
dsa\[16\].y_out,12.58µm
dsa\[17\]._0_,12.56µm
dsa\[29\]._1_,12.32µm
dsa\[26\]._2_,12.3µm
dsa\[3\].y_out,12.14µm
a[0],12.02µm
a[11],12.02µm
a[12],12.02µm
a[15],12.02µm
a[17],12.02µm
a[18],12.02µm
a[21],12.02µm
a[22],12.02µm
a[26],12.02µm
a[29],12.02µm
a[3],12.02µm
a[4],12.02µm
a[5],12.02µm
a[6],12.02µm
a[8],12.02µm
a[9],12.02µm
dsa\[21\]._0_,11.88µm
net30,11.82µm
dsa\[28\].y_out_next,11.78µm
dsa\[13\].y_out,11.74µm
dsa\[12\]._0_,11.72µm
dsa\[30\].y_out,11.66µm
net28,11.64µm
net25,11.6µm
a[2],11.56µm
a[30],11.56µm
dsa\[26\]._1_,11.42µm
dsa\[30\].y_out_next,11.4µm
dsa\[23\].y_out,11.28µm
dsa\[12\]._1_,11.26µm
dsa\[16\].y_out_next,11.16µm
a[10],11.1µm
a[13],11.1µm
a[14],11.1µm
a[16],11.1µm
a[19],11.1µm
a[1],11.1µm
a[20],11.1µm
a[25],11.1µm
a[27],11.1µm
a[28],11.1µm
a[7],11.1µm
dsa\[11\]._0_,11.06µm
dsa\[27\].y_out_next,10.74µm
dsa\[2\].last_carry,10.5µm
dsa\[25\].y_out,10.46µm
dsa\[15\].y_out_next,10.4µm
dsa\[22\].y_out_next,10.4µm
dsa\[18\].last_carry_next,10.3µm
dsa\[3\].last_carry,10.18µm
dsa\[25\]._1_,10.08µm
dsa\[2\].y_out,9.82µm
dsa\[22\].y_out,9.74µm
dsa\[23\].last_carry,9.66µm
dsa\[30\].last_carry,9.62µm
dsa\[11\].y_out_next,9.6µm
dsa\[8\].last_carry_next,9.56µm
dsa\[15\].last_carry,9.48µm
dsa\[28\].y_out,9.48µm
dsa\[2\]._0_,9.34µm
dsa\[6\]._1_,9.24µm
dsa\[9\].y_out_next,9.14µm
net24,9.1µm
dsa\[19\].y_out_next,9.08µm
dsa\[29\].last_carry_next,9.06µm
dsa\[22\].last_carry,9.02µm
dsa\[17\].y_out,8.98µm
dsa\[2\].y_out_next,8.98µm
dsa\[20\].last_carry,8.78µm
dsa\[3\].last_carry_next,8.74µm
dsa\[18\].y_out_next,8.72µm
rst,8.72µm
net10,8.68µm
dsa\[0\].y_out,8.66µm
dsa\[18\]._1_,8.66µm
dsa\[1\].last_carry,8.66µm
dsa\[26\].last_carry,8.66µm
dsa\[20\]._0_,8.5µm
dsa\[24\].y_out_next,8.34µm
dsa\[19\].last_carry_next,8.28µm
dsa\[22\].last_carry_next,8.26µm
dsa\[3\]._1_,8.24µm
dsa\[19\].last_carry,8.2µm
dsa\[12\].y_out_next,8.16µm
dsa\[29\].y_out_next,8.16µm
dsa\[28\]._1_,8.1µm
dsa\[27\]._1_,8.09µm
dsa\[14\].y_out_next,8.06µm
dsa\[21\]._1_,8.02µm
dsa\[19\]._2_,7.98µm
dsa\[23\]._1_,7.98µm
dsa\[4\].y_out,7.98µm
dsa\[1\]._1_,7.94µm
dsa\[6\]._0_,7.86µm
dsa\[14\].last_carry_next,7.82µm
dsa\[16\].last_carry_next,7.82µm
dsa\[21\].last_carry_next,7.82µm
dsa\[23\].last_carry_next,7.82µm
dsa\[5\].last_carry_next,7.82µm
dsa\[9\].last_carry_next,7.82µm
dsa\[21\].y_out,7.78µm
dsa\[27\].last_carry,7.74µm
dsa\[28\].last_carry,7.74µm
dsa\[2\].last_carry_next,7.68µm
dsa\[10\].last_carry,7.64µm
dsa\[7\].y_out_next,7.64µm
dsa\[15\].y_out,7.56µm
dsa\[4\]._2_,7.56µm
dsa\[3\]._0_,7.54µm
dsa\[2\]._1_,7.52µm
dsa\[5\].last_carry,7.5µm
dsa\[20\].last_carry_next,7.485µm
dsa\[30\]._0_,7.42µm
x,7.33µm
dsa\[0\]._1_,7.32µm
dsa\[31\]._1_,7.32µm
dsa\[4\]._1_,7.32µm
dsa\[16\].last_carry,7.28µm
dsa\[22\]._1_,7.28µm
dsa\[6\].last_carry,7.28µm
dsa\[8\].last_carry,7.28µm
dsa\[24\]._1_,7.18µm
dsa\[5\]._1_,7.18µm
dsa\[0\]._0_,7.1µm
dsa\[7\]._0_,7.08µm
dsa\[14\].last_carry,7.07µm
dsa\[10\].last_carry_next,7.065µm
dsa\[18\]._2_,7.06µm
dsa\[18\]._0_,6.86µm
dsa\[30\].last_carry_next,6.76µm
dsa\[16\]._1_,6.72µm
dsa\[25\].last_carry,6.72µm
dsa\[22\]._0_,6.6µm
dsa\[24\]._0_,6.6µm
dsa\[13\]._0_,6.52µm
dsa\[5\]._0_,6.52µm
net11,6.42µm
dsa\[9\]._0_,6.4µm
dsa\[28\]._0_,6.38µm
dsa\[9\].last_carry,6.36µm
dsa\[20\]._1_,6.32µm
dsa\[11\].last_carry_next,6.26µm
dsa\[17\]._1_,6.2µm
dsa\[14\]._0_,6.14µm
dsa\[13\]._1_,6.06µm
dsa\[1\]._0_,6.04µm
dsa\[19\]._1_,5.94µm
net37,5.9µm
dsa\[23\]._0_,5.84µm
dsa\[30\]._1_,5.82µm
dsa\[0\]._2_,5.8µm
dsa\[5\].y_out_next,5.8µm
dsa\[14\]._1_,5.68µm
dsa\[19\]._0_,5.68µm
dsa\[4\]._0_,5.68µm
dsa\[13\].last_carry,5.6µm
dsa\[15\]._1_,5.6µm
dsa\[7\]._1_,5.6µm
dsa\[9\]._1_,5.6µm
dsa\[10\]._0_,5.38µm
dsa\[11\].last_carry,5.38µm
dsa\[14\]._2_,5.38µm
dsa\[21\]._2_,5.38µm
dsa\[2\]._2_,5.38µm
y,5.29µm
dsa\[31\]._0_,5.22µm
dsa\[18\].last_carry,5.14µm
dsa\[31\].last_carry,5.14µm
dsa\[4\].last_carry,5.14µm
dsa\[23\].y_out_next,5.04µm
dsa\[12\].last_carry,5.02µm
dsa\[12\].last_carry_next,4.92µm
dsa\[13\].last_carry_next,4.92µm
dsa\[15\]._2_,4.92µm
dsa\[28\].last_carry_next,4.92µm
dsa\[21\].last_carry,4.88µm
dsa\[24\].last_carry_next,4.58µm
dsa\[7\].last_carry,4.56µm
dsa\[10\]._1_,4.46µm
dsa\[16\]._0_,4.46µm
dsa\[24\]._2_,4.46µm
dsa\[25\].last_carry_next,4.46µm
dsa\[29\].last_carry,4.44µm
dsa\[17\].y_out_next,4.42µm
dsa\[5\]._2_,4.42µm
dsa\[13\]._2_,4.34µm
dsa\[8\]._2_,4.34µm
dsa\[1\].last_carry_next,4.12µm
dsa\[0\].last_carry_next,4µm
dsa\[25\]._0_,4µm
dsa\[31\].last_carry_next,4µm
dsa\[4\].last_carry_next,4µm
dsa\[6\].last_carry_next,4µm
dsa\[7\].last_carry_next,4µm
dsa\[0\].last_carry,3.9µm
dsa\[4\].y_out_next,3.88µm
dsa\[15\]._0_,3.54µm
dsa\[1\].y_out_next,3.54µm
dsa\[29\]._0_,3.54µm
dsa\[26\]._0_,3.44µm
dsa\[16\]._2_,3.42µm
dsa\[24\].last_carry,3.42µm
dsa\[31\]._2_,3.42µm
dsa\[10\].y_out_next,3.225µm
dsa\[20\].y_out_next,3.2µm
dsa\[25\].y_out_next,3.2µm
dsa\[12\]._2_,3.08µm
dsa\[27\].last_carry_next,3.08µm
dsa\[30\]._2_,2.76µm
dsa\[13\].y_out_next,2.62µm
dsa\[17\]._2_,2.62µm
dsa\[25\]._2_,2.62µm
dsa\[26\].last_carry_next,2.62µm
dsa\[26\].y_out_next,2.62µm
dsa\[6\].y_out_next,2.62µm
net36,2.5µm
dsa\[3\]._2_,2.3µm
dsa\[0\].y_out_next,2.28µm
dsa\[17\].last_carry_next,2.16µm
dsa\[20\]._2_,2.16µm
dsa\[8\].y_out_next,2.16µm
dsa\[10\]._2_,2.04µm
dsa\[11\]._2_,2.04µm
dsa\[1\]._2_,2.04µm
dsa\[29\]._2_,2.04µm
dsa\[6\]._2_,2.04µm
dsa\[23\]._2_,1.84µm
dsa\[9\]._2_,1.84µm
dsa\[22\]._2_,1.7µm
dsa\[27\]._2_,1.7µm
dsa\[28\]._2_,1.38µm
dsa\[7\]._2_,1.38µm
